{"cameraMode":{"drawMode":0,"name":"Shaded","section":"Shading Mode"},"sceneLighting":true,"audioPlay":false,"sceneViewState":{"showFog":true,"showMaterialUpdate":false,"showSkybox":true,"showFlares":true,"showImageEffects":true,"showParticleSystems":true},"in2DMode":false,"pivot":{"x":236.2999725341797,"y":125.00828552246094,"z":125.4407958984375},"rotation":{"x":-0.07822351902723313,"y":-0.012862923555076123,"z":0.001010787207633257,"w":-0.9968563914299011},"size":647.04443359375,"orthographic":false}